{
  "city_name": "Downtown London, Ontario",
  "source": "OpenStreetMap",
  "width": 28,
  "height": 28,
  "bounds": {
    "min_lat": 42.9709627,
    "max_lat": 42.9990363,
    "min_lon": -81.2633419,
    "max_lon": -81.2267986
  },
  "road_cells": [
    [
      1,
      20
    ],
    [
      1,
      21
    ],
    [
      1,
      22
    ],
    [
      2,
      19
    ],
    [
      2,
      20
    ],
    [
      2,
      21
    ],
    [
      2,
      22
    ],
    [
      3,
      16
    ],
    [
      3,
      19
    ],
    [
      3,
      20
    ],
    [
      3,
      21
    ],
    [
      3,
      22
    ],
    [
      4,
      9
    ],
    [
      4,
      10
    ],
    [
      4,
      16
    ],
    [
      4,
      18
    ],
    [
      4,
      19
    ],
    [
      4,
      20
    ],
    [
      4,
      21
    ],
    [
      4,
      22
    ],
    [
      5,
      8
    ],
    [
      5,
      9
    ],
    [
      5,
      10
    ],
    [
      5,
      11
    ],
    [
      5,
      15
    ],
    [
      5,
      16
    ],
    [
      5,
      18
    ],
    [
      5,
      19
    ],
    [
      5,
      20
    ],
    [
      5,
      21
    ],
    [
      5,
      22
    ],
    [
      5,
      23
    ],
    [
      6,
      8
    ],
    [
      6,
      9
    ],
    [
      6,
      10
    ],
    [
      6,
      11
    ],
    [
      6,
      12
    ],
    [
      6,
      13
    ],
    [
      6,
      14
    ],
    [
      6,
      15
    ],
    [
      6,
      16
    ],
    [
      6,
      18
    ],
    [
      6,
      19
    ],
    [
      6,
      21
    ],
    [
      6,
      23
    ],
    [
      6,
      24
    ],
    [
      7,
      8
    ],
    [
      7,
      9
    ],
    [
      7,
      10
    ],
    [
      7,
      11
    ],
    [
      7,
      12
    ],
    [
      7,
      13
    ],
    [
      7,
      14
    ],
    [
      7,
      15
    ],
    [
      7,
      16
    ],
    [
      7,
      17
    ],
    [
      7,
      18
    ],
    [
      7,
      19
    ],
    [
      7,
      20
    ],
    [
      7,
      21
    ],
    [
      8,
      7
    ],
    [
      8,
      8
    ],
    [
      8,
      9
    ],
    [
      8,
      10
    ],
    [
      8,
      11
    ],
    [
      8,
      12
    ],
    [
      8,
      13
    ],
    [
      8,
      14
    ],
    [
      8,
      15
    ],
    [
      8,
      16
    ],
    [
      8,
      17
    ],
    [
      8,
      18
    ],
    [
      8,
      19
    ],
    [
      8,
      20
    ],
    [
      8,
      21
    ],
    [
      9,
      7
    ],
    [
      9,
      8
    ],
    [
      9,
      9
    ],
    [
      9,
      10
    ],
    [
      9,
      11
    ],
    [
      9,
      12
    ],
    [
      9,
      13
    ],
    [
      9,
      14
    ],
    [
      9,
      15
    ],
    [
      9,
      16
    ],
    [
      9,
      17
    ],
    [
      9,
      18
    ],
    [
      9,
      19
    ],
    [
      9,
      20
    ],
    [
      9,
      21
    ],
    [
      9,
      22
    ],
    [
      9,
      23
    ],
    [
      10,
      6
    ],
    [
      10,
      8
    ],
    [
      10,
      9
    ],
    [
      10,
      10
    ],
    [
      10,
      11
    ],
    [
      10,
      12
    ],
    [
      10,
      13
    ],
    [
      10,
      14
    ],
    [
      10,
      15
    ],
    [
      10,
      16
    ],
    [
      10,
      17
    ],
    [
      10,
      18
    ],
    [
      10,
      19
    ],
    [
      10,
      20
    ],
    [
      10,
      21
    ],
    [
      10,
      23
    ],
    [
      10,
      24
    ],
    [
      10,
      25
    ],
    [
      11,
      6
    ],
    [
      11,
      7
    ],
    [
      11,
      8
    ],
    [
      11,
      9
    ],
    [
      11,
      12
    ],
    [
      11,
      13
    ],
    [
      11,
      14
    ],
    [
      11,
      16
    ],
    [
      11,
      17
    ],
    [
      11,
      18
    ],
    [
      11,
      19
    ],
    [
      11,
      20
    ],
    [
      11,
      21
    ],
    [
      11,
      25
    ],
    [
      11,
      26
    ],
    [
      12,
      7
    ],
    [
      12,
      8
    ],
    [
      12,
      9
    ],
    [
      12,
      10
    ],
    [
      12,
      11
    ],
    [
      12,
      13
    ],
    [
      12,
      14
    ],
    [
      12,
      15
    ],
    [
      12,
      16
    ],
    [
      12,
      17
    ],
    [
      12,
      18
    ],
    [
      12,
      19
    ],
    [
      12,
      20
    ],
    [
      12,
      21
    ],
    [
      12,
      22
    ],
    [
      13,
      7
    ],
    [
      13,
      8
    ],
    [
      13,
      9
    ],
    [
      13,
      11
    ],
    [
      13,
      12
    ],
    [
      13,
      13
    ],
    [
      13,
      14
    ],
    [
      13,
      15
    ],
    [
      13,
      16
    ],
    [
      13,
      17
    ],
    [
      13,
      18
    ],
    [
      13,
      19
    ],
    [
      13,
      20
    ],
    [
      13,
      22
    ],
    [
      13,
      23
    ],
    [
      13,
      24
    ],
    [
      14,
      8
    ],
    [
      14,
      9
    ],
    [
      14,
      10
    ],
    [
      14,
      11
    ],
    [
      14,
      12
    ],
    [
      14,
      13
    ],
    [
      14,
      14
    ],
    [
      14,
      15
    ],
    [
      14,
      16
    ],
    [
      14,
      17
    ],
    [
      14,
      18
    ],
    [
      14,
      19
    ],
    [
      14,
      20
    ],
    [
      14,
      21
    ],
    [
      14,
      22
    ],
    [
      15,
      7
    ],
    [
      15,
      8
    ],
    [
      15,
      9
    ],
    [
      15,
      10
    ],
    [
      15,
      11
    ],
    [
      15,
      12
    ],
    [
      15,
      13
    ],
    [
      15,
      14
    ],
    [
      15,
      15
    ],
    [
      15,
      16
    ],
    [
      15,
      17
    ],
    [
      15,
      18
    ],
    [
      15,
      19
    ],
    [
      15,
      20
    ],
    [
      15,
      21
    ],
    [
      15,
      22
    ],
    [
      15,
      23
    ],
    [
      15,
      24
    ],
    [
      16,
      6
    ],
    [
      16,
      7
    ],
    [
      16,
      8
    ],
    [
      16,
      9
    ],
    [
      16,
      10
    ],
    [
      16,
      11
    ],
    [
      16,
      12
    ],
    [
      16,
      13
    ],
    [
      16,
      14
    ],
    [
      16,
      15
    ],
    [
      16,
      17
    ],
    [
      16,
      18
    ],
    [
      16,
      19
    ],
    [
      16,
      20
    ],
    [
      16,
      21
    ],
    [
      16,
      22
    ],
    [
      16,
      23
    ],
    [
      17,
      7
    ],
    [
      17,
      8
    ],
    [
      17,
      9
    ],
    [
      17,
      10
    ],
    [
      17,
      11
    ],
    [
      17,
      12
    ],
    [
      17,
      13
    ],
    [
      17,
      14
    ],
    [
      17,
      15
    ],
    [
      17,
      16
    ],
    [
      17,
      17
    ],
    [
      17,
      18
    ],
    [
      17,
      19
    ],
    [
      17,
      20
    ],
    [
      17,
      21
    ],
    [
      17,
      22
    ],
    [
      17,
      23
    ],
    [
      18,
      8
    ],
    [
      18,
      9
    ],
    [
      18,
      10
    ],
    [
      18,
      11
    ],
    [
      18,
      12
    ],
    [
      18,
      13
    ],
    [
      18,
      14
    ],
    [
      18,
      15
    ],
    [
      18,
      16
    ],
    [
      18,
      17
    ],
    [
      18,
      19
    ],
    [
      18,
      20
    ],
    [
      18,
      21
    ],
    [
      18,
      22
    ],
    [
      19,
      3
    ],
    [
      19,
      4
    ],
    [
      19,
      5
    ],
    [
      19,
      7
    ],
    [
      19,
      8
    ],
    [
      19,
      9
    ],
    [
      19,
      10
    ],
    [
      19,
      11
    ],
    [
      19,
      12
    ],
    [
